<?xml version="1.0" encoding="UTF-8"?>
<project-private xmlns="http://www.netbeans.org/ns/project-private/1">
    <editor-bookmarks xmlns="http://www.netbeans.org/ns/editor-bookmarks/2" lastBookmarkId="0"/>
    <open-files xmlns="http://www.netbeans.org/ns/projectui-open-files/2">
        <group>
            <file>file:/C:/Users/Krisnicole/Documents/Noime%20Files/BSIT%202-1/1st%20SEM/github/module1_assessment/assessment4/src/assessment4/Main.java</file>
            <file>file:/C:/Users/Krisnicole/Documents/Noime%20Files/BSIT%202-1/1st%20SEM/github/module1_assessment/assessment4/src/assessment4/Assessment4.java</file>
        </group>
    </open-files>
</project-private>
